-- ------------------------------------- --
-- Данные для тестирования TagRepository --
-- ------------------------------------- --
INSERT INTO "catalogs" ("id", "name") OVERRIDING SYSTEM VALUE
VALUES (1, 'Название каталога 1'), (2, 'Название каталога 2'), (3, 'Название каталога 3');




-- ------------------------- --
-- ------------------------- --
INSERT INTO "fields" ("id", "catalog_id", "order", "name", "type_id")
OVERRIDING SYSTEM VALUE
VALUES
(21, 1, 1,  'null',        1 ),
(22, 1, 2,  'integer',     2 ),
(23, 1, 3,  'double',      3 ),
(24, 1, 4,  'big_decimal', 4 ),
(25, 1, 5,  'string',      5 ),
(26, 1, 6,  'text',        6 ),
(27, 1, 7,  'date',        7 ),
(28, 1, 8,  'datetime',    8 ),
(29, 1, 9,  'boolean',     9 ),
(30, 1, 10, 'bytes',       10),
(31, 1, 11, 'uuid',        11),
(32, 1, 12, 'json',        12),
(33, 1, 13, 'file_id',     14);




-- ------------------- --
-- ------------------- --
INSERT INTO "cards" ("id", "catalog_id") OVERRIDING SYSTEM VALUE
VALUES (41, 1);




-- ----------------------------------- --
-- ----------------------------------- --
INSERT INTO "values" ("id") OVERRIDING SYSTEM VALUE
VALUES (151),(152),(153),(154),(155),(156),(157),(158),(159),(160),(161),(162),(163),(167);




-- ---------------- --
-- ---------------- --
INSERT INTO "tags" ("card_id", "field_id", "value_id") OVERRIDING SYSTEM VALUE
VALUES
(41, 21,  -1),
(41, 22, 152),
(41, 23, 153),
(41, 24, 154),
(41, 25, 155),
(41, 26, 156),
(41, 27, 157),
(41, 28, 158),
(41, 29,   0),
(41, 30, 160),
(41, 31, 161),
(41, 32, 162),
(41, 33, 163);
